{
  "dataset": "test",
  "accuracy": 0.8023255813953488,
  "precision": 0.8257575757575758,
  "recall": 0.9083333333333333,
  "f1_score": 0.8650793650793651,
  "confusion_matrix": [
    [
      29,
      23
    ],
    [
      11,
      109
    ]
  ],
  "classification_report": {
    "Sem Risco": {
      "precision": 0.725,
      "recall": 0.5576923076923077,
      "f1-score": 0.6304347826086957,
      "support": 52.0
    },
    "Risco": {
      "precision": 0.8257575757575758,
      "recall": 0.9083333333333333,
      "f1-score": 0.8650793650793651,
      "support": 120.0
    },
    "accuracy": 0.8023255813953488,
    "macro avg": {
      "precision": 0.7753787878787879,
      "recall": 0.7330128205128206,
      "f1-score": 0.7477570738440305,
      "support": 172.0
    },
    "weighted avg": {
      "precision": 0.7952959830866807,
      "recall": 0.8023255813953488,
      "f1-score": 0.7941403052626511,
      "support": 172.0
    }
  },
  "roc_auc": 0.8286858974358975
}