{
  "model_name": "random_forest",
  "cv_results": {
    "f1_mean": 0.8590202914102079,
    "f1_std": 0.012630443082983157,
    "accuracy_mean": 0.7907162534435261,
    "accuracy_std": 0.024048868871799512,
    "roc_auc_mean": 0.783938097761627,
    "roc_auc_std": 0.06606565562411505
  },
  "validation_metrics": {
    "dataset": "validation",
    "accuracy": 0.8604651162790697,
    "precision": 0.9137931034482759,
    "recall": 0.8833333333333333,
    "f1_score": 0.8983050847457628,
    "confusion_matrix": [
      [
        21,
        5
      ],
      [
        7,
        53
      ]
    ],
    "classification_report": {
      "Sem Risco": {
        "precision": 0.75,
        "recall": 0.8076923076923077,
        "f1-score": 0.7777777777777778,
        "support": 26.0
      },
      "Risco": {
        "precision": 0.9137931034482759,
        "recall": 0.8833333333333333,
        "f1-score": 0.8983050847457628,
        "support": 60.0
      },
      "accuracy": 0.8604651162790697,
      "macro avg": {
        "precision": 0.8318965517241379,
        "recall": 0.8455128205128205,
        "f1-score": 0.8380414312617703,
        "support": 86.0
      },
      "weighted avg": {
        "precision": 0.8642742582197274,
        "recall": 0.8604651162790697,
        "f1-score": 0.861866596592651,
        "support": 86.0
      }
    },
    "roc_auc": 0.8801282051282051
  },
  "test_metrics": {
    "dataset": "test",
    "accuracy": 0.8023255813953488,
    "precision": 0.8257575757575758,
    "recall": 0.9083333333333333,
    "f1_score": 0.8650793650793651,
    "confusion_matrix": [
      [
        29,
        23
      ],
      [
        11,
        109
      ]
    ],
    "classification_report": {
      "Sem Risco": {
        "precision": 0.725,
        "recall": 0.5576923076923077,
        "f1-score": 0.6304347826086957,
        "support": 52.0
      },
      "Risco": {
        "precision": 0.8257575757575758,
        "recall": 0.9083333333333333,
        "f1-score": 0.8650793650793651,
        "support": 120.0
      },
      "accuracy": 0.8023255813953488,
      "macro avg": {
        "precision": 0.7753787878787879,
        "recall": 0.7330128205128206,
        "f1-score": 0.7477570738440305,
        "support": 172.0
      },
      "weighted avg": {
        "precision": 0.7952959830866807,
        "recall": 0.8023255813953488,
        "f1-score": 0.7941403052626511,
        "support": 172.0
      }
    },
    "roc_auc": 0.8286858974358975
  },
  "timestamp": "2026-02-24T22:38:58.373112"
}